{
    "PB": {
        "stats": {
            "media_notas_ch": 516.267641905866,
            "media_notas_lc": 505.59592691633844,
            "media_notas_red": 620.7413749950601,
            "media_notas_cn": 488.63526279581725,
            "media_notas_mt": 526.1195321959274,
            "dev_pad_ch": 82.20721511447242,
            "dev_pad_lc": 77.92979331601136,
            "dev_pad_red": 220.0871373498772,
            "dev_pad_cn": 68.94393780264518,
            "dev_pad_mt": 114.47664697902708
        },
        "notas": {
            "num_notas_ch_0_199": 116,
            "num_notas_ch_200_399": 6032,
            "num_notas_ch_400_599": 58243,
            "num_notas_ch_600_799": 11517,
            "num_notas_ch_800_1000": 5,
            "num_notas_lc_0_199": 36,
            "num_notas_lc_200_399": 7708,
            "num_notas_lc_400_599": 60130,
            "num_notas_lc_600_799": 8039,
            "num_notas_lc_800_1000": 0,
            "num_notas_red_0_199": 4374,
            "num_notas_red_200_399": 4273,
            "num_notas_red_400_599": 21548,
            "num_notas_red_600_799": 27806,
            "num_notas_red_800_1000": 17912,
            "num_notas_cn_0_199": 17,
            "num_notas_cn_200_399": 4837,
            "num_notas_cn_400_599": 62666,
            "num_notas_cn_600_799": 5159,
            "num_notas_cn_800_1000": 1,
            "num_notas_mt_0_199": 17,
            "num_notas_mt_200_399": 9181,
            "num_notas_mt_400_599": 44978,
            "num_notas_mt_600_799": 16908,
            "num_notas_mt_800_1000": 1596,
            "num_notas_mil_red": 1
        },
        "num_presentes_pd": 75913,
        "num_presentes_sd": 72680,
        "num_ausentes_pd": 26824,
        "num_ausentes_sd": 30057
    },
    "RJ": {
        "stats": {
            "media_notas_ch": 542.0831770859444,
            "media_notas_lc": 533.5503305983077,
            "media_notas_red": 635.797084496137,
            "media_notas_cn": 504.5981462124031,
            "media_notas_mt": 556.4771793372665,
            "dev_pad_ch": 78.93803738071594,
            "dev_pad_lc": 72.90788056143191,
            "dev_pad_red": 208.74122018745524,
            "dev_pad_cn": 71.99011441143408,
            "dev_pad_mt": 118.19537626021038
        },
        "notas": {
            "num_notas_ch_0_199": 323,
            "num_notas_ch_200_399": 7732,
            "num_notas_ch_400_599": 130244,
            "num_notas_ch_600_799": 41214,
            "num_notas_ch_800_1000": 10,
            "num_notas_lc_0_199": 117,
            "num_notas_lc_200_399": 9204,
            "num_notas_lc_400_599": 139235,
            "num_notas_lc_600_799": 30967,
            "num_notas_lc_800_1000": 0,
            "num_notas_red_0_199": 8073,
            "num_notas_red_200_399": 9373,
            "num_notas_red_400_599": 49018,
            "num_notas_red_600_799": 68572,
            "num_notas_red_800_1000": 44487,
            "num_notas_cn_0_199": 56,
            "num_notas_cn_200_399": 7368,
            "num_notas_cn_400_599": 143975,
            "num_notas_cn_600_799": 17917,
            "num_notas_cn_800_1000": 13,
            "num_notas_mt_0_199": 61,
            "num_notas_mt_200_399": 13846,
            "num_notas_mt_400_599": 94923,
            "num_notas_mt_600_799": 55482,
            "num_notas_mt_800_1000": 5017,
            "num_notas_mil_red": 12
        },
        "num_presentes_pd": 179523,
        "num_presentes_sd": 169329,
        "num_ausentes_pd": 71055,
        "num_ausentes_sd": 81249
    }
}